,Twitter Account,Tweet,Tweets Ago,Compound
0,BBC,RT @BBCnireland: ‚úç @BBCApprentice is back tonight on @BBCOne so here are some tips to get you hired! - https://t.co/gc5KSIFQf1 https://t.co‚Ä¶,1,0.5411
1,BBC,‚ù§Ô∏è Couples will soon be able to choose a civil partnership instead of a marriage thanks to Rebecca and Charles. https://t.co/nampxOV5ur,2,0.4404
2,BBC,üçú The humble origins of an incredibly versatile food ‚Äì the potted history of instant noodles. https://t.co/3RMBZ33zFY,3,0.0
3,BBC,"üåô 'Leonardo da Vinci was the first recorded person to realise what a crescent moon was.'

Nine out of this world fa‚Ä¶ https://t.co/cpzfOniwxA",4,0.0
4,BBC,"That time @RyanGosling was training to be an astronaut and DEFINITELY WASN'T (was) sick. 
#TheGNShow https://t.co/mf8dnizxAV",5,0.7299
5,BBC,"üï∫üéô 'Tom Daley was an Elvis impersonator - with his dad'

10 surprising things we learned from @TomDaley1994‚Äôs‚Ä¶ https://t.co/NGQAEEJWdl",6,0.2732
6,BBC,"19-year-old rapper Kitch has a stutter when he speaks - but when he performs, it usually disappears. https://t.co/tVXhIeAwEg",7,-0.5574
7,BBC,"RT @BBCRadio2: ü•ÅDrumroll please!ü•Å

Our brand new Breakfast Show host is @ZoeTheBall! üëè

https://t.co/th597DBxQI https://t.co/dbfQgMsuHO",8,0.0
8,BBC,"üêß A zoo has been forced to fill its new penguin exhibit with models, as a shortage of birds means it is unable to g‚Ä¶ https://t.co/BmSAy8zQJP",9,-0.6124
9,BBC,"""Oh, I'm so sorry,"" and other things not to say to amputees. 
(via @BBCThree) https://t.co/L8eiOleNyi",10,0.0
10,BBC,"Discover the extraordinary story of how a small Scottish bank grew to briefly become the biggest in the world, befo‚Ä¶ https://t.co/OQpgOJ7edi",11,0.0
11,BBC,Knife crime is up 22%. Who are the victims and what‚Äôs to blame? https://t.co/ZEAml31p9m,12,-0.802
12,BBC,"The gender reveal party that sparked a massive 47,000 acre wildfire. 
üëâ https://t.co/b0Xc17AuK5 https://t.co/ROh8TOMH7K",13,0.4019
13,BBC,"In 2002, Iberian Lynx were the rarest cats in the world. But then something remarkable happened... https://t.co/iEVCaSDvjN",14,0.7096
14,BBC,Two scientists who discovered how to fight cancer using the body's immune system have won the 2018 #NobelPrize for‚Ä¶ https://t.co/fIj6Ly7Z3u,15,-0.2732
15,BBC,"üç≤üòã A bowl of warm, hearty stew is always a welcome sight on a cold day.

From a classic beef stew to a vegetarian h‚Ä¶ https://t.co/1X1qdk14Oh",16,0.5994
16,BBC,"Jodie Whittaker. New Doctor...and a 'Shat Lass'.
#TheGNShow #DoctorWho https://t.co/25HwEbjAfn",17,0.0
17,BBC,"Donna Strickland has become the first woman to have won the #NobelPrize in Physics in 55 years. 
üëâ‚Ä¶ https://t.co/hGIojnR1W0",18,0.5719
18,BBC,"RT @BBCSport: SPOTY is back - and there are some big changes.

The BBC Sports Personality of the Year 2018 contenders will be revealed on t‚Ä¶",19,0.0
19,BBC,"‚ù§Ô∏èüíÉüèª Ballet is still the love of Joyce's life at 98-years-old! 
#WorldBalletDay https://t.co/nzr3Jy1wbS",20,0.6696
20,BBC,RT @BBCnireland: ‚úç @BBCApprentice is back tonight on @BBCOne so here are some tips to get you hired! - https://t.co/gc5KSIFQf1 https://t.co‚Ä¶,21,0.5411
21,BBC,‚ù§Ô∏è Couples will soon be able to choose a civil partnership instead of a marriage thanks to Rebecca and Charles. https://t.co/nampxOV5ur,22,0.4404
22,BBC,üçú The humble origins of an incredibly versatile food ‚Äì the potted history of instant noodles. https://t.co/3RMBZ33zFY,23,0.0
23,BBC,"üåô 'Leonardo da Vinci was the first recorded person to realise what a crescent moon was.'

Nine out of this world fa‚Ä¶ https://t.co/cpzfOniwxA",24,0.0
24,BBC,"That time @RyanGosling was training to be an astronaut and DEFINITELY WASN'T (was) sick. 
#TheGNShow https://t.co/mf8dnizxAV",25,0.7299
25,BBC,"üï∫üéô 'Tom Daley was an Elvis impersonator - with his dad'

10 surprising things we learned from @TomDaley1994‚Äôs‚Ä¶ https://t.co/NGQAEEJWdl",26,0.2732
26,BBC,"19-year-old rapper Kitch has a stutter when he speaks - but when he performs, it usually disappears. https://t.co/tVXhIeAwEg",27,-0.5574
27,BBC,"RT @BBCRadio2: ü•ÅDrumroll please!ü•Å

Our brand new Breakfast Show host is @ZoeTheBall! üëè

https://t.co/th597DBxQI https://t.co/dbfQgMsuHO",28,0.0
28,BBC,"üêß A zoo has been forced to fill its new penguin exhibit with models, as a shortage of birds means it is unable to g‚Ä¶ https://t.co/BmSAy8zQJP",29,-0.6124
29,BBC,"""Oh, I'm so sorry,"" and other things not to say to amputees. 
(via @BBCThree) https://t.co/L8eiOleNyi",30,0.0
30,BBC,"Discover the extraordinary story of how a small Scottish bank grew to briefly become the biggest in the world, befo‚Ä¶ https://t.co/OQpgOJ7edi",31,0.0
31,BBC,Knife crime is up 22%. Who are the victims and what‚Äôs to blame? https://t.co/ZEAml31p9m,32,-0.802
32,BBC,"The gender reveal party that sparked a massive 47,000 acre wildfire. 
üëâ https://t.co/b0Xc17AuK5 https://t.co/ROh8TOMH7K",33,0.4019
33,BBC,"In 2002, Iberian Lynx were the rarest cats in the world. But then something remarkable happened... https://t.co/iEVCaSDvjN",34,0.7096
34,BBC,Two scientists who discovered how to fight cancer using the body's immune system have won the 2018 #NobelPrize for‚Ä¶ https://t.co/fIj6Ly7Z3u,35,-0.2732
35,BBC,"üç≤üòã A bowl of warm, hearty stew is always a welcome sight on a cold day.

From a classic beef stew to a vegetarian h‚Ä¶ https://t.co/1X1qdk14Oh",36,0.5994
36,BBC,"Jodie Whittaker. New Doctor...and a 'Shat Lass'.
#TheGNShow #DoctorWho https://t.co/25HwEbjAfn",37,0.0
37,BBC,"Donna Strickland has become the first woman to have won the #NobelPrize in Physics in 55 years. 
üëâ‚Ä¶ https://t.co/hGIojnR1W0",38,0.5719
38,BBC,"RT @BBCSport: SPOTY is back - and there are some big changes.

The BBC Sports Personality of the Year 2018 contenders will be revealed on t‚Ä¶",39,0.0
39,BBC,"‚ù§Ô∏èüíÉüèª Ballet is still the love of Joyce's life at 98-years-old! 
#WorldBalletDay https://t.co/nzr3Jy1wbS",40,0.6696
40,BBC,"Over 300,000 marine animals are killed after becoming entangled in fishing gear every year. 
#DrowningInPlastic‚Ä¶ https://t.co/WmFqGMo8Es",41,-0.6705
41,BBC,RT @bbccomedy: ‚ÄòThere She Goes‚Äô starring @JefficaHoons and David Tennant comes to @BBCFOUR on October 16th. https://t.co/tH37Wg5TBC,42,0.0
42,BBC,"In January 1918, the Spanish flu swept the world and killed more people than WW1. 
#TheFluThatKilled50Million https://t.co/WinYKnWfSA",43,-0.7964
43,BBC,"üëõ Do you know where your tips go? 

A guide to how tipping works in restaurants.
üëâ https://t.co/CNU4t3iogG https://t.co/7dcsckQwcG",44,0.0
44,BBC,"More than half of the world's killer whales could be wiped out by man-made chemicals, scientists say.  https://t.co/w1SaxVchyO",45,-0.6486
45,BBC,Wildlife biologist @LizBonnin visits scientists working at the cutting edge of plastics research. She works with le‚Ä¶ https://t.co/rSc4ZR9MEX,46,-0.128
46,BBC,"A 19-year-old university student has described his photograph of a white fallow buck sneezing as a ""one-in-a-millio‚Ä¶ https://t.co/A1q3ZEIz2z",47,0.0
47,BBC,"RT @BBCFood: ü•ï It's World Vegetarian Day and we're celebrating all things veggie. Whether you're looking for a quick lunch, a healthy trayb‚Ä¶",48,0.7506
48,BBC,"RT @CBeebiesHQ: Cuddle up cheek to cheek!

Sharon D. Clarke is back for tonight's #BedtimeStory üò¥üìö

The biographical tale of Ella Fitzgeral‚Ä¶",49,0.0
49,BBC,These scientists have found plastic in every area of the Arctic; there are about 225 trillion particles in the whol‚Ä¶ https://t.co/UoKtCXow1b,50,0.0
50,BBC,"An Astrophysicist? A World Traveller? CEO of the British Library? üî≠üìöü§∑

Illustrator Sir Quentin Blake has reimagined‚Ä¶ https://t.co/PqXhCcoHH9",51,0.0
51,BBC,"RT @bbcgetinspired: 'I'm a Muslim woman, I'm visually-impaired and I'm a boxer' ü•äü•ä #GetInspired 

https://t.co/zJorjZokVM",52,0.0
52,BBC,"üé∂üåü@LadyGaga and Jodie Whittaker playing the #DoctorWho theme tune on the theremin is AMAZING. #TheGNShow

https://t.co/PEwaE9tzNH",53,0.7456
53,BBC,"üòÇüòÉüòê Can you spot a fake laugh? 

Take this quiz to find out. üëâ https://t.co/LAFjV5ggf7 https://t.co/sFjlLRwzQK",54,0.128
54,BBC,"Geoffrey Hayes, who hosted long-running children's TV show, Rainbow, has died aged 76.
üëâ https://t.co/10XDMpYCiz https://t.co/vPs5odJKqy",55,-0.5574
55,BBC,"This Amazing Human uses coffee to give homeless people a second chance. ‚òïÔ∏èüíõ#InternationalCoffeeDay

https://t.co/wOc1ce2B3J",56,0.7003
56,BBC,"Turns out it's *quite* difficult to keep a straight face while testing laughing gas...

https://t.co/nFlgKY7NuY",57,0.3818
57,BBC,RT @BBCRadio4: We conducted the world's largest survey on loneliness and discovered that 16-24 year olds are the loneliest age group. Read‚Ä¶,58,-0.7351
58,BBC,"We cannot WAIT for the new Doctor Who series! @bbcdoctorwho #TheGNShow

https://t.co/BkxpymO5Be",59,0.0
59,BBC,"Start your Monday the right way. Watch Tom Hardy explain to a child why we should love all things equally. üíîüò≠

https://t.co/646n5wwjvL",60,0.7845
60,BBC,Persistent chemical pollution threatens the future of killer whales. üíî https://t.co/wJJIQj8WLK https://t.co/saSP4leLjt,61,-0.875
61,BBC,"Last year @higeorgeshelley's sister died in an accident. 

He opens up about grief and how to cope.

https://t.co/4SajjiJI6e",62,-0.872
62,BBC,"RT @BBCOne: ‚ÄúI see women out with their babies walking around like it‚Äôs nothing‚Ä¶ I just want to yell out at them, ‚ÄúYou‚Äôre amazing!‚Äù @Jenna_‚Ä¶",63,0.4753
63,BBC,RT @bbcstrictly: Wow. #Strictly Movie Week looks wand-erful! üßô‚Äç‚ôÇÔ∏è‚ú® https://t.co/3Iko29h06s,64,0.6239
64,BBC,"A mother‚Äôs life disintegrates while the world looks on. 

#TheCry | 9pm | @BBCOne | https://t.co/hDRdVsMamq https://t.co/2SrLnoKGLi",65,0.0
65,BBC,Tonight it's the first @BBCStrictly results show! Find out which couples have made it through and which two will be‚Ä¶ https://t.co/vytPpS8tTl,66,0.0
66,BBC,"RT @BBCOne: #TheCry ""is the perfect replacement for #Bodyguard, a twisting, turning whodunit that leaves you questioning everybody."" The Te‚Ä¶",67,0.5106
67,BBC,"RT @BBCOne: To mark 30 years in music, we‚Äôre making a @takethat documentary special and WE NEED YOU! 

Head to https://t.co/WiKSYB8coP to s‚Ä¶",68,0.4574
68,BBC,"üï∫‚ú® @Joe_Sugg says he worried that he was the 'joke act' in this year's #Strictly. 

https://t.co/FmKBnEJeoX https://t.co/O1GfHHBJud",69,0.0
69,BBC,"This is the incredible story of how London dug the Victoria Line! üöá

https://t.co/F8MsetBclS",70,0.0
70,BBC,"In Japan, 'aki no koe' refers to autumn's voice, which incorporates all the sounds of the season: the wind rustling‚Ä¶ https://t.co/2fynWfK1Wu",71,-0.296
71,BBC,"""Dyslexia tries to kick my butt daily - but I won't let it beat me"". 

https://t.co/EmtRJC2V5G",72,0.0
72,BBC,Kanye West is changing his name... to Ye. https://t.co/TMRrrzJuKX https://t.co/0ZkgnEbFkA,73,0.0
73,BBC,The lush green mosses of East Antarctica are finally succumbing to climate change. üíî https://t.co/z7j8jcx6TO https://t.co/r7C9gypVhC,74,-0.4767
74,BBC,"Going on a night out can be challenging when you're a wheelchair user. 

https://t.co/YvvQ1SnosW",75,0.1531
75,BBC,"This is disgusting. üòî

The Citarum River in Indonesia is one of the dirtiest rivers in the world. 

Plastic polluti‚Ä¶ https://t.co/F6z2NpXseT",76,-0.7579
76,BBC,"üêª Say hello to Kyra the sun bear... 

https://t.co/UvDxsG3QO1",77,0.0
77,BBC,RT @BBCWorld: Indonesia quake death toll 'at least 832' https://t.co/1VCcXxRrR4,78,-0.5994
78,BBC,"For children with autism, the stress of taking photos can be overwhelming. To make things easier, eight-year-old Le‚Ä¶ https://t.co/U3hpweRK0D",79,0.0
79,BBC,"This. Is. Amazing. üòÆ

Introducing the World Pole Climbing Championships...

https://t.co/osulkhFFhQ",80,0.5859
80,BBC,Chile has launched a huge hiking route through its Patagonian wilderness. üå≤üòçüèî  https://t.co/WFIcKZe5Hv https://t.co/RLKjTx2Emo,81,0.4215
81,BBC,üê£üòç Conservationists have been monitoring the progress of rare Leach's storm petrel chicks on the remote Scottish ar‚Ä¶ https://t.co/KzMHUIysAO,82,0.4215
82,BBC,"'My children bought back the car I sold to pay for wife's cancer treatment'. ‚ù§Ô∏èÔ∏èüöò

https://t.co/xOJwzbgGlE https://t.co/Tx3WYCkCXu",83,-0.7003
83,BBC,"RT @BBCEngland: Benny the beluga whale is spending his fifth day in the Thames but appears to be healthy and swimming normally, the Port of‚Ä¶",84,0.5499
84,BBC,"Always start by playing paper! üëä‚úã‚úåÔ∏è

This is how to win at rock-paper-scissors... 

https://t.co/2VzUFq74FT",85,0.7088
85,BBC,"'What do I know her from again?' ü§îüì∫

These are the TV actors who pop up in everything. https://t.co/XLQBs5bE5p https://t.co/DJWV8U3OhY",86,0.0
86,BBC,"This is the world's most dangerous city to be a woman. 

https://t.co/v1qrWFF6B6",87,-0.5256
87,BBC,"""New York City is underwhelming"". üò≥üò≥üò≥
 
#UnpopularOpinion was HARSH this week. üòÇ @gregjames

https://t.co/pSz5eP8YbR",88,-0.186
88,BBC,"What's it like growing up with tourettes?

Brother and sister Jack and Rebecca describe how people react to their t‚Ä¶ https://t.co/VXY3jdCbEu",89,0.4939
89,BBC,"This school became a national leader by focusing on a neglected subject... 

https://t.co/5c7iSPT3rc",90,-0.5267
90,BBC,RT @BBCOne: .@LadyGaga &amp; Jodie Whittaker playing the #DoctorWho theme tune on the theremin is a joy to behold. #TheGNShow https://t.co/0aLu‚Ä¶,91,0.6808
91,BBC,"""I've broken around 80 bones"". üò¨üè•

Meet the man who can't feel pain. üëâ https://t.co/6qsfeQmIct https://t.co/6jXkhYCTza",92,-0.1022
92,BBC,"Say hello to baby Omo, a rare albino squirrel... üòçüêøÔ∏è

https://t.co/FVppFQSOJw",93,0.0
93,BBC,"Over the last 50 years, the flesh-footed shearwater population has dropped by 30%.

Plastic is a major cause of the‚Ä¶ https://t.co/827iYwzryJ",94,0.0
94,BBC,"The Graham Norton Show is back! Tonight Bradley Cooper, @ladygaga, Jodie Whittaker and @ryangosling join @grahnort‚Ä¶ https://t.co/prBbKLrkaO",95,0.3595
95,BBC,"It's the Celebrity MasterChef final! After six gruelling weeks, just two tough challenges stand between the three r‚Ä¶ https://t.co/mLCixMGG8v",96,-0.126
96,BBC,"Science has confirmed: cats are nice. üòª

https://t.co/nTtAUxYl6v https://t.co/kI8XYPICjA",97,0.7003
97,BBC,"üòÆüêô You need to watch this seal slap a man with an octopus... 

https://t.co/Njn1fsWeXX",98,0.1531
98,BBC,In pictures: Politician mothers take their babies to work. üë∂üì∑ https://t.co/wZ4NmFwkOn https://t.co/BTtyJu1WSX,99,0.0
99,BBC,"Why do we love bees, but hate wasps? https://t.co/2CM65SLLyE",100,-0.5346
100,CBS,".@wayansjr debuted his perfect impression of his father on @colbertlateshow but everybody, be cool, and don't tell‚Ä¶ https://t.co/MWa9UNOORj",1,0.6956
101,CBS,RT @CBSAllAccess: It's a great day to be a fan of #TheTwilightZone! We're celebrating the 59th anniversary of the classic series AND the of‚Ä¶,2,0.8858
102,CBS,"‚ö°Ô∏è ‚ÄúHappy Together Premieres on CBS‚Äù

https://t.co/W7IvELcMcw",3,0.0
103,CBS,"@miamicah We don't know for sure about that, but we are sure that you should be some sort of TV detective. üôÇ https://t.co/uW5aSn7jlO",4,0.1622
104,CBS,"‚ö°Ô∏è ‚ÄúThe Neighborhood Premieres on CBS‚Äù

https://t.co/R72l342BFE",5,0.0
105,CBS,"RT @startrekcbs: Discover the next adventure of #StarTrekDiscovery January 2019, and catch #Starfleet at @NY_Comic_Con THIS Saturday. https‚Ä¶",6,0.3182
106,CBS,The stars of @TheNeighborhood and @happytogether celebrated their shows' premieres on CBS tonight with a good old f‚Ä¶ https://t.co/fu9SJzv7hZ,7,0.765
107,CBS,"RT @TheNeighborhood: It's almost time! Our live Q&amp;A with the casts of #TheNeighborhood &amp; #HappyTogether is starting at 8pm ET/ 5pm PT. 

Se‚Ä¶",8,0.0
108,CBS,Head over to the CBS Facebook page now for the #FacebookLive with @happytogether‚Äôs @wayansjr and @TheNeighborhood‚Äôs‚Ä¶ https://t.co/37QOrVA1sh,9,0.0
109,CBS,Join @happytogether's @wayansjr and @TheNeighborhood's @iamgreenfield for a Facebook Live TODAY at 5:45p ET/2:45 PT‚Ä¶ https://t.co/klrx7cA41H,10,0.296
110,CBS,"Due to #NFL football game overrun, #CBS Sunday lineup is delayed in East/Central time zones ONLY. New start times:‚Ä¶ https://t.co/zmEn7CVlUi",11,-0.2263
111,CBS,The cast of @GodFriendedMe answers some heavenly questions about social media before the show premieres tonight aft‚Ä¶ https://t.co/61Tx2GTn35,12,0.6124
112,CBS,RT @CBSAllAccess: Stream NFL on CBS LIVE today starting at 1pm ET on CBS All Access! üèà https://t.co/vsod8jYeZl https://t.co/UBp3R4UCAd,13,0.0
113,CBS,"On @colbertlateshow, @TheNeighborhood's @CedEntertainer and Stephen recall the first time they met on a night when‚Ä¶ https://t.co/vjz1zVg4sR",14,0.0
114,CBS,".@happytogether's @wayansjr, @HereIsGina &amp; @latelateshow discuss the pros and cons of living with a pop star. Con:‚Ä¶ https://t.co/PLXFxfheW7",15,0.0
115,CBS,"If you haven't seen @SEALTeamCBS, make it your mission to know them before the #SEALTeam Season 2 premiere October‚Ä¶ https://t.co/NhCPI3lZSV",16,0.0
116,CBS,"‚ö°Ô∏è ‚ÄúMurphy Brown Returns to CBS‚Äù

https://t.co/3vsAg7WcB1",17,0.0
117,CBS,.@TheNeighborhood's @iamgreenfield revealing his Fiddler on the Roof goals on @latelateshow will be the earworm you‚Ä¶ https://t.co/swbh8HPwA1,18,0.0
118,CBS,RT @MurphyBrownCBS: A moment 20 years in the making all comes down to this. #MurphyBrown returns to @CBS tonight! https://t.co/tWSMFM3YbG,19,0.0
119,CBS,"Candice Bergen tells @colbertlateshow the presidential way tonight's @MurphyBrownCBS premiere imitates life, albeit‚Ä¶ https://t.co/4Kbk8gt6nS",20,0.0
120,CBS,".@wayansjr debuted his perfect impression of his father on @colbertlateshow but everybody, be cool, and don't tell‚Ä¶ https://t.co/MWa9UNOORj",21,0.6956
121,CBS,RT @CBSAllAccess: It's a great day to be a fan of #TheTwilightZone! We're celebrating the 59th anniversary of the classic series AND the of‚Ä¶,22,0.8858
122,CBS,"‚ö°Ô∏è ‚ÄúHappy Together Premieres on CBS‚Äù

https://t.co/W7IvELcMcw",23,0.0
123,CBS,"@miamicah We don't know for sure about that, but we are sure that you should be some sort of TV detective. üôÇ https://t.co/uW5aSn7jlO",24,0.1622
124,CBS,"‚ö°Ô∏è ‚ÄúThe Neighborhood Premieres on CBS‚Äù

https://t.co/R72l342BFE",25,0.0
125,CBS,"RT @startrekcbs: Discover the next adventure of #StarTrekDiscovery January 2019, and catch #Starfleet at @NY_Comic_Con THIS Saturday. https‚Ä¶",26,0.3182
126,CBS,The stars of @TheNeighborhood and @happytogether celebrated their shows' premieres on CBS tonight with a good old f‚Ä¶ https://t.co/fu9SJzv7hZ,27,0.765
127,CBS,"RT @TheNeighborhood: It's almost time! Our live Q&amp;A with the casts of #TheNeighborhood &amp; #HappyTogether is starting at 8pm ET/ 5pm PT. 

Se‚Ä¶",28,0.0
128,CBS,Head over to the CBS Facebook page now for the #FacebookLive with @happytogether‚Äôs @wayansjr and @TheNeighborhood‚Äôs‚Ä¶ https://t.co/37QOrVA1sh,29,0.0
129,CBS,Join @happytogether's @wayansjr and @TheNeighborhood's @iamgreenfield for a Facebook Live TODAY at 5:45p ET/2:45 PT‚Ä¶ https://t.co/klrx7cA41H,30,0.296
130,CBS,"Due to #NFL football game overrun, #CBS Sunday lineup is delayed in East/Central time zones ONLY. New start times:‚Ä¶ https://t.co/zmEn7CVlUi",31,-0.2263
131,CBS,The cast of @GodFriendedMe answers some heavenly questions about social media before the show premieres tonight aft‚Ä¶ https://t.co/61Tx2GTn35,32,0.6124
132,CBS,RT @CBSAllAccess: Stream NFL on CBS LIVE today starting at 1pm ET on CBS All Access! üèà https://t.co/vsod8jYeZl https://t.co/UBp3R4UCAd,33,0.0
133,CBS,"On @colbertlateshow, @TheNeighborhood's @CedEntertainer and Stephen recall the first time they met on a night when‚Ä¶ https://t.co/vjz1zVg4sR",34,0.0
134,CBS,".@happytogether's @wayansjr, @HereIsGina &amp; @latelateshow discuss the pros and cons of living with a pop star. Con:‚Ä¶ https://t.co/PLXFxfheW7",35,0.0
135,CBS,"If you haven't seen @SEALTeamCBS, make it your mission to know them before the #SEALTeam Season 2 premiere October‚Ä¶ https://t.co/NhCPI3lZSV",36,0.0
136,CBS,"‚ö°Ô∏è ‚ÄúMurphy Brown Returns to CBS‚Äù

https://t.co/3vsAg7WcB1",37,0.0
137,CBS,.@TheNeighborhood's @iamgreenfield revealing his Fiddler on the Roof goals on @latelateshow will be the earworm you‚Ä¶ https://t.co/swbh8HPwA1,38,0.0
138,CBS,RT @MurphyBrownCBS: A moment 20 years in the making all comes down to this. #MurphyBrown returns to @CBS tonight! https://t.co/tWSMFM3YbG,39,0.0
139,CBS,"Candice Bergen tells @colbertlateshow the presidential way tonight's @MurphyBrownCBS premiere imitates life, albeit‚Ä¶ https://t.co/4Kbk8gt6nS",40,0.0
140,CBS,@marlagardner222 @jay_hernandez Good idea. The theme song is a dead giveaway. üòâ,41,-0.34
141,CBS,@queenmama7777 @CBSAllAccess We believe in you! https://t.co/ZK0xaPRxVr,42,0.0
142,CBS,@BSkyjackcity @jokersupdates @CBSAllAccess On it. https://t.co/yxKX9ry7fw,43,0.0
143,CBS,Sixteen houseguests entered and now it's down to the Final 3. Don't miss a second of the 90-minute #BB20Finale toni‚Ä¶ https://t.co/KwDHR9Hfqu,44,0.1139
144,CBS,"The tribe has spoken, and they do a pretty decent @JeffProbst impression just in time for the @survivorcbs Season P‚Ä¶ https://t.co/2Ps8VKblay",45,0.6249
145,CBS,"‚ö°Ô∏è ‚ÄúFBI Premieres on CBS‚Äù

https://t.co/faL6iHZc5g",46,0.0
146,CBS,"RT @CBSAllAccess: A night of crime dramas?! Oh yes. üôå Stream @NCIS_CBS, @FBICBS &amp; @NCISNewOrleans starting at 8/7c on CBS All Access: https‚Ä¶",47,-0.2714
147,CBS,"Before @FBICBS premieres tonight, @mperegrym stopped by @CBSThisMorning to talk about her role as an FBI agent in t‚Ä¶ https://t.co/CPVki4Hv8y",48,-0.2263
148,CBS,RT @CBSAllAccess: üö® @PatrickBrammall. Tim Meadows. @jessicaalba. @iamgreenfield. @AHWAmySedaris. @ChrisGethard. @JoeManganiello. AND SO MAN‚Ä¶,49,0.0
149,CBS,RT @bigbangtheory: Happy #NationalComicBookDay from Sheldon and his many shirts! How are you sporting your favorite superhero today? #BigBa‚Ä¶,50,0.7901
150,CBS,"‚ö°Ô∏è ‚ÄúMagnum P.I. Premieres on CBS‚Äù

https://t.co/UtbQlcDG8S",51,0.0
151,CBS,".@jay_hernandez went on @latelateshow to talk about @MagnumPICBS, but he may have gotten @TiffanyHaddish as a surf‚Ä¶ https://t.co/a3acRu10aw",52,0.0
152,CBS,"RT @60Minutes: 60 Minutes turns 50 today. Tick, tick, tick ... https://t.co/3CVKEs9J7F",53,0.0
153,CBS,"Due to #NFL football game overrun, #CBS Sunday lineup is delayed in ATL, Indy, NOLA, Kansas City, NYC, Philly, Prov‚Ä¶ https://t.co/fejqoxtvSY",54,-0.2263
154,CBS,Kick off your Sunday with @NFL on CBS. Catch your local games live on CBS and @CBSAllAccess. üèàüì∫‚Ä¶ https://t.co/kbo7N27mY9,55,0.0
155,CBS,"How does $100,000 sound? Because someone is going to win all that tonight on the @TKOCBS Battle Royale finale at 9p‚Ä¶ https://t.co/JEuUZ2QlQh",56,0.296
156,CBS,@colbertlateshow @IainLoveTheatre @IainLoveTheatre made a compelling argument. We'll get back to you. üòâ,57,-0.1531
157,CBS,"Now that @bigbangtheory is entering its last season, Kaley Cuoco admits to @latelateshow she's over the show's noto‚Ä¶ https://t.co/xvhlMWBhSX",58,0.296
158,CBS,RT @HawaiiFive0CBS: It‚Äôs the big Five-0! üéâ üåä #H50 premiered on this day in 1968! Celebrate 50 years of Hawaii Five-0 with every season of b‚Ä¶,59,0.7896
159,CBS,RT @JordanPeele: üì∫üåÄ https://t.co/CygbVi4JFC,60,0.0
160,CBS,The @latelateshow and @JKCorden will never be good enough for @henrygolding's crazy rich mom.‚Ä¶ https://t.co/xVmH5Iyfvs,61,-0.0531
161,CBS,RT @CBSThisMorning: Imagine receiving a digital friend request from someone claiming to be God. What would you do? The new @CBS drama @GodF‚Ä¶,62,0.6486
162,CBS,"RT @PriceIsRight: We're thrilled to be back with all new, fun, and exciting shows!!  We hope to give you another award winning season! HERE‚Ä¶",63,0.9642
163,CBS,RT @SalvationCBS: X marks the spot on the heart-stopping season finale of #SalvationCBS tonight at 9/8c on CBS &amp; CBS All Access: https://t.‚Ä¶,64,0.0
164,CBS,Waiting for tonight's @Elementary_CBS season finale like https://t.co/Ou8342vGT9,65,0.3612
165,CBS,"Due to an NFL overrun, the CBS Sunday lineup is delayed in the East/Central cities ONLY. New start times:‚Ä¶ https://t.co/IypoJ0l16P",66,-0.2263
166,CBS,RT @CBSAllAccess: Sundays were made for NFL on CBS. üèàüíØ Stream NFL on CBS All Access live today: https://t.co/vsod8jGE7N https://t.co/co2528‚Ä¶,67,0.0
167,CBS,"What happens when a PTA mom steals nearly $100,000 from her daughter's school? Don't miss the #PinkCollarCrimes sea‚Ä¶ https://t.co/Gjiy0pByaE",68,-0.4322
168,CBS,"RT @CBSAllAccess: No internet, no problem. You can now download and play your favorite shows on CBS All Access! üôå Learn how: https://t.co/y‚Ä¶",69,-0.2481
169,CBS,@PlaggemeyLee Mac's putting something together. üòâ https://t.co/6ww5HlV6Bx,70,0.0
170,CBS,This just in... https://t.co/QG3OYF6Rfv,71,0.0
171,CBS,RT @CBSAllAccess: Get excited! Stream original #MurphyBrown episodes for a limited time on CBS All Access before the @MurphyBrownCBS reviva‚Ä¶,72,0.4753
172,CBS,"This just in! The 54th #ACMawards will air LIVE from Las Vegas on Sunday, April 7, 2019 at 8/7c on CBS and‚Ä¶ https://t.co/Q9e7qxe26l",73,0.0
173,CBS,"Due to an NFL overrun, CBS is delayed 17 mins in the following markets: Kansas City, Miami, Tampa, NOLA, New York,‚Ä¶ https://t.co/9eXZ9mA1Xb",74,-0.2263
174,CBS,Are you ready for some football? üèà Stream your favorite NFL games LIVE on #CBSAllAccess today:‚Ä¶ https://t.co/eHt8guHoyv,75,0.6705
175,CBS,An unforgettable night of inspiring stories and performances highlighting the 10 years of impact #StandUpToCancer c‚Ä¶ https://t.co/8bp2XNKwfH,76,0.4215
176,CBS,The star-studded event is about to begin! Tune in now to watch #StandUpToCancer on CBS and @cbsallaccess. https://t.co/cD8TJuQBog,77,0.0
177,CBS,"RT @cbsallaccess: Join #TellMeAStory's @daniellemcam, @BillyMagnussen &amp; Dorian Missick by standing up to cancer! Watch @SU2C tonight at 8/7‚Ä¶",78,-0.5411
178,CBS,Tune in to a first-of-its-kind digital live show as lead up to @SU2C‚Äôs televised event tonight! The show will featu‚Ä¶ https://t.co/hIVaLAXYmR,79,0.0
179,CBS,Hollywood legend Burt Reynolds has passed away at the age of 82. He will be missed. https://t.co/HSmcJ9X9iC,80,-0.296
180,CBS,Here are @FBICBS‚Äô @JeremySisto and @EboneeReigne with a powerful message before #StandUpToCancer airs tomorrow! https://t.co/OCqh91N1OO,81,0.4753
181,CBS,Here's everything you need to know before tuning into #StandUpToCancer this Friday at 8/7c: https://t.co/IT9ht84TZ1 https://t.co/OK4AOxw5mP,82,0.0
182,CBS,Survivor host @JeffProbst is here to break down the theme of #Survivor: David vs. Goliath before the new season beg‚Ä¶ https://t.co/8TcA200eFQ,83,0.3612
183,CBS,"Thanks, @StephenAtHome. 
P.S. Nice beard. #LSSC https://t.co/wppVtfR9cL",84,0.6908
184,CBS,The biggest names in entertainment are coming together once again for #StandUpToCancer this Friday at 8/7c on @CBS‚Ä¶ https://t.co/ntuGKLYvuW,85,0.4215
185,CBS,RT @cbsallaccess: Stream #17 @WestVirginiaU vs. @UTKnoxville LIVE today at 3:30PM ET on CBS All Access! Try 1 month FREE using code BINGENO‚Ä¶,86,0.6514
186,CBS,"In just one week, @RWitherspoon, @McConaughey, Jennifer Garner, and more will attend the #‚ÄãStandUpToCancer fundrais‚Ä¶ https://t.co/iHKGOoWejA",87,0.0
187,CBS,"Believe in miracles. Watch this sneak peek of the complete premiere episode of @GodFriendedMe now, a month before i‚Ä¶ https://t.co/5AIUH5VmMk",88,0.0
188,CBS,"RT @cbsallaccess: Money. Murder. Mystery. #OneDollar is now streaming, exclusively on CBS All Access. https://t.co/3qFdTEmVU5 https://t.co/‚Ä¶",89,-0.6908
189,CBS,RT @GodFriendedMe: It's a godsend! We're dropping the #GodFriendedMe pilot tomorrow right here on Twitter for you to stream a full month be‚Ä¶,90,0.6239
190,CBS,"It's almost time for sweater weather, pumpkin spice lattes, and CBS Fall TV premieres. Check out the storylines for‚Ä¶ https://t.co/BpgDyYl8fc",91,0.0
191,CBS,RT @cbsallaccess: #NFL preseason coverage is here! üèà The Detroit @Lions battle the Tampa Bay @Buccaneers tonight at 8PM ET. Stream the game‚Ä¶,92,-0.4389
192,CBS,"@bigbangtheory üé∂...happy kitty, sleepy kitty, purr purr purrüé∂ #TheBigBangTheory https://t.co/sEObppGJlZ",93,0.0
193,CBS,"This is going to require multiple singings of ""Soft Kitty."" https://t.co/UdRGNeQ7Lb",94,0.0
194,CBS,Got to get more of the @PaulMcCartney #CarpoolKaraoke into your life? @latelateshow produced an hour-long bonus spe‚Ä¶ https://t.co/DjPqajo6Xn,95,0.5423
195,CBS,"How much does it cost to bury the truth? 
#OneDollar premieres August 30, exclusively on CBS All Access. https://t.co/ZL5TBH9ro5",96,0.3182
196,CBS,Things got carried away when @ArianaGrande joined @latelateshow for #CarpoolKaraoke. So did Ariana. #ArianaCarpool https://t.co/WSZcC0TaYz,97,0.0
197,CBS,RT @cbsallaccess: Murder mystery set in a small town? We're in. Rediscover the genius of original #TwinPeaks co-creators @DAVID_LYNCH and @‚Ä¶,98,-0.5267
198,CBS,New start times for @60Minutes 7:20ET/6:20CT @CBSBigBrother 8:20ET/7:20CT @NCISLA 9:20ET/8:20CT @Elementary_CBS 10:‚Ä¶ https://t.co/Op9VcDsREa,99,0.0
199,CBS,Clear your schedules for the 100th #PGAChamp! Stream the Final Round LIVE on @cbsallaccess at 2 PM ET across all de‚Ä¶ https://t.co/m6bH2pKTUN,100,0.4389
200,CNN,"Eggs from Gravel Ridge Farms in Cullman, Alabama, have been linked to 38 cases of salmonella in seven states, the U‚Ä¶ https://t.co/H2AF5EfGGY",1,-0.128
201,CNN,White House press secretary Sarah Sanders is taking reporters' questions a day after President Trump mocked Christi‚Ä¶ https://t.co/pg1xRwV15F,2,-0.3182
202,CNN,Harvard University has placed its head diving coach on leave after allegations of sexual misconduct against him wer‚Ä¶ https://t.co/Swbz1cv9mP,3,0.0258
203,CNN,"The White House is now holding a press briefing, the first in nearly a month.

Watch live: https://t.co/UYpqI3w42L¬†‚Ä¶ https://t.co/HZzOaLSIlO",4,0.0
204,CNN,New Zealand firm Perpetual Guardian has tested a four-day work week while still paying employees for the five. The‚Ä¶ https://t.co/3VXS2NBHts,5,0.0
205,CNN,"Four men, described as ""serial rioters,"" have been charged in last year's deadly Charlottesville rally‚Ä¶ https://t.co/736seYxVFz",6,-0.2023
206,CNN,"Oaktree Capital co-chairman @howardmarksbook joins @RichardQuest on @CNNMoney's ""Markets Now"" today to discuss how‚Ä¶ https://t.co/3X6FRGJGts",7,0.0
207,CNN,Prince Harry and Meghan are the Duke and Duchess of Sussex -- and today they're making their first official visit t‚Ä¶ https://t.co/XKzm28a7fm,8,0.0
208,CNN,President Trump's mockery of Christine Blasey Ford sparked an immediate backlash among two critical Republican swin‚Ä¶ https://t.co/F22fLKrqdT,9,-0.5574
209,CNN,"Travelers arriving in New Zealand could now face a fine of up to $3,200 (5,000 NZD) if they refuse to allow border‚Ä¶ https://t.co/M3EGT9xnje",10,0.128
210,CNN,"Toys ""R"" Us may be coming back.

The company closed all of its US stores in June as part of a bankruptcy liquidatio‚Ä¶ https://t.co/Vx94UpcWQS",11,0.0
211,CNN,The Emerald Bay Maritime Heritage Trail just opened to scuba divers and snorkelers who want to see sunken historic‚Ä¶ https://t.co/RPbz21kEbV,12,0.0772
212,CNN,"Eating processed meats like bacon, sausages and ham could increase the risk of breast cancer, a study shows.

Regul‚Ä¶ https://t.co/ZKBZGmQr3L",13,-0.4019
213,CNN,Soccer star Cristiano Ronaldo tweets a denial of rape allegations in an American woman's lawsuit and says he awaits‚Ä¶ https://t.co/iBm7JsLiaG,14,-0.765
214,CNN,The FBI is expanding its inquiry into sexual assault allegations against Supreme Court nominee Brett Kavanaugh beyo‚Ä¶ https://t.co/hXCeXI6d5K,15,-0.0516
215,CNN,"Have a cellphone? Expect it to buzz and beep loudly this afternoon around 2:18 p.m. EDT with a ""Presidential Alert""‚Ä¶ https://t.co/JGrEiNXlwC",16,0.0
216,CNN,"RT @cnni: If you want to find out more about period poverty in Tanzania, you can see our Instagram Story: https://t.co/MveolpTbI4

Read mor‚Ä¶",17,-0.5046
217,CNN,"For many people, Trump is the living embodiment of the American dream. That's why a NYT report detailing a series o‚Ä¶ https://t.co/0syazlQy0S",18,0.25
218,CNN,She could be America‚Äôs first black female governor. Stacey Abrams admits she is not like what has come before her i‚Ä¶ https://t.co/qOaIRCyhUM,19,0.0232
219,CNN,Prince Harry and Meghan are the Duke and Duchess of Sussex -- and today they're making their first official visit t‚Ä¶ https://t.co/xcjqoEzW3w,20,0.0
220,CNN,"Eggs from Gravel Ridge Farms in Cullman, Alabama, have been linked to 38 cases of salmonella in seven states, the U‚Ä¶ https://t.co/H2AF5EfGGY",21,-0.128
221,CNN,White House press secretary Sarah Sanders is taking reporters' questions a day after President Trump mocked Christi‚Ä¶ https://t.co/pg1xRwV15F,22,-0.3182
222,CNN,Harvard University has placed its head diving coach on leave after allegations of sexual misconduct against him wer‚Ä¶ https://t.co/Swbz1cv9mP,23,0.0258
223,CNN,"The White House is now holding a press briefing, the first in nearly a month.

Watch live: https://t.co/UYpqI3w42L¬†‚Ä¶ https://t.co/HZzOaLSIlO",24,0.0
224,CNN,New Zealand firm Perpetual Guardian has tested a four-day work week while still paying employees for the five. The‚Ä¶ https://t.co/3VXS2NBHts,25,0.0
225,CNN,"Four men, described as ""serial rioters,"" have been charged in last year's deadly Charlottesville rally‚Ä¶ https://t.co/736seYxVFz",26,-0.2023
226,CNN,"Oaktree Capital co-chairman @howardmarksbook joins @RichardQuest on @CNNMoney's ""Markets Now"" today to discuss how‚Ä¶ https://t.co/3X6FRGJGts",27,0.0
227,CNN,Prince Harry and Meghan are the Duke and Duchess of Sussex -- and today they're making their first official visit t‚Ä¶ https://t.co/XKzm28a7fm,28,0.0
228,CNN,President Trump's mockery of Christine Blasey Ford sparked an immediate backlash among two critical Republican swin‚Ä¶ https://t.co/F22fLKrqdT,29,-0.5574
229,CNN,"Travelers arriving in New Zealand could now face a fine of up to $3,200 (5,000 NZD) if they refuse to allow border‚Ä¶ https://t.co/M3EGT9xnje",30,0.128
230,CNN,"Toys ""R"" Us may be coming back.

The company closed all of its US stores in June as part of a bankruptcy liquidatio‚Ä¶ https://t.co/Vx94UpcWQS",31,0.0
231,CNN,The Emerald Bay Maritime Heritage Trail just opened to scuba divers and snorkelers who want to see sunken historic‚Ä¶ https://t.co/RPbz21kEbV,32,0.0772
232,CNN,"Eating processed meats like bacon, sausages and ham could increase the risk of breast cancer, a study shows.

Regul‚Ä¶ https://t.co/ZKBZGmQr3L",33,-0.4019
233,CNN,Soccer star Cristiano Ronaldo tweets a denial of rape allegations in an American woman's lawsuit and says he awaits‚Ä¶ https://t.co/iBm7JsLiaG,34,-0.765
234,CNN,The FBI is expanding its inquiry into sexual assault allegations against Supreme Court nominee Brett Kavanaugh beyo‚Ä¶ https://t.co/hXCeXI6d5K,35,-0.0516
235,CNN,"Have a cellphone? Expect it to buzz and beep loudly this afternoon around 2:18 p.m. EDT with a ""Presidential Alert""‚Ä¶ https://t.co/JGrEiNXlwC",36,0.0
236,CNN,"RT @cnni: If you want to find out more about period poverty in Tanzania, you can see our Instagram Story: https://t.co/MveolpTbI4

Read mor‚Ä¶",37,-0.5046
237,CNN,"For many people, Trump is the living embodiment of the American dream. That's why a NYT report detailing a series o‚Ä¶ https://t.co/0syazlQy0S",38,0.25
238,CNN,She could be America‚Äôs first black female governor. Stacey Abrams admits she is not like what has come before her i‚Ä¶ https://t.co/qOaIRCyhUM,39,0.0232
239,CNN,Prince Harry and Meghan are the Duke and Duchess of Sussex -- and today they're making their first official visit t‚Ä¶ https://t.co/xcjqoEzW3w,40,0.0
240,CNN,RT @CNNMoney: The markets are soaring. How should investors play it? Howard Marks of Oaktree Capital thinks they should proceed with cautio‚Ä¶,41,0.34
241,CNN,Brazilian surfer Maya Gabeira just set a new Guinness World Record for the largest wave ever surfed by a woman‚Ä¶ https://t.co/yc9TrptAl1,42,0.0
242,CNN,"Grammy Award-winning audio engineer Geoff Emerick, who worked on several of the Beatles' most important albums, die‚Ä¶ https://t.co/09GtDVQgpo",43,0.2716
243,CNN,"RT @CNNPolitics: Sen. Susan Collins, a key GOP swing vote, on President Trump mocking Kavanuagh accuser Christine Blasey Ford: ""The Preside‚Ä¶",44,-0.4019
244,CNN,President Trump's mockery of Christine Blasey Ford sparked an immediate backlash among two critical Republican swin‚Ä¶ https://t.co/soBHyej149,45,-0.5574
245,CNN,"Apple is finally getting a llama emoji. And a raccoon, bagel, frisbee and mosquito, too.
The company says it will l‚Ä¶ https://t.co/pGrSLSPYQP",46,0.0
246,CNN,"Take a rare tour underneath and inside San Francisco's Golden Gate Bridge where about 200 iron workers, engineers,‚Ä¶ https://t.co/lFXgEpi4jA",47,0.0
247,CNN,"""Brett Kavanaugh's chances of being confirmed are lower today than they were yesterday as a result of President Tru‚Ä¶ https://t.co/5CJlUSTKWh",48,-0.1027
248,CNN,Are standing desks really good for you? Proponents claim that eliminating sitting from your work life can make you‚Ä¶ https://t.co/GzjBbWgr3G,49,0.4927
249,CNN,"Travelers arriving in New Zealand could now face a fine of up to $3,200 (5,000 NZD) if they refuse to allow border‚Ä¶ https://t.co/SUzXZcifav",50,0.128
250,CNN,"RT @NewDay: 7-year-old @MaleaEmma says she loves @Xtina... and is seeing her idol tonight! 

""Today's a really good day! I get to do this i‚Ä¶",51,0.8165
251,CNN,"For many people, Trump is the living embodiment of the American dream. That's why a NYT report detailing a series o‚Ä¶ https://t.co/FBonCFOMVM",52,0.25
252,CNN,"Today's top business headlines with @ChristineRomans before the opening bell:

- Dow hits all-time high

- Amazon w‚Ä¶ https://t.co/mzcbjQjzm3",53,0.3612
253,CNN,President Trump's attack on Christine Blasey Ford could make Senate Majority Leader Mitch McConnell's job even toug‚Ä¶ https://t.co/5KqFxgtszW,54,-0.4767
254,CNN,"Eating processed meats like bacon, sausages and ham could increase the risk of breast cancer, a study shows.

Regul‚Ä¶ https://t.co/dAb9OtSvLy",55,-0.4019
255,CNN,A notorious French convict who used a helicopter to break out of prison in July has been arrested north of Paris‚Ä¶ https://t.co/ZvGaM8FYzd,56,-0.8519
256,CNN,"RT @cnni: As part of the #AsEquals series, CNN is reporting on gender equality around the world. This week we‚Äôre covering period poverty. h‚Ä¶",57,-0.5106
257,CNN,"Toys ""R"" Us may be coming back.

The company closed all of its US stores in June as part of a bankruptcy liquidatio‚Ä¶ https://t.co/8jP9qiu7gw",58,0.0
258,CNN,"RT @NewDay: ""To mock her last night like the President did... He's dividing us into tribes and last night was the most basic tribe of all:‚Ä¶",59,-0.0772
259,CNN,The science behind the standing desk movement isn't standing up to criticism https://t.co/FEdQVlVd2T,60,-0.4404
260,CNN,"5 things for Wednesday:

- President Trump
- Brett Kavanaugh
- Indonesia
- French prison break
- Social media burgl‚Ä¶ https://t.co/LhnK83vkPv",61,-0.5106
261,CNN,"Four men, described as ""serial rioters,"" have been charged in last year's deadly Charlottesville rally‚Ä¶ https://t.co/NejMLmfUeK",62,-0.2023
262,CNN,"A volcano has erupted on Sulawesi island in Indonesia, just five days after it was hit by an earthquake and tsunami‚Ä¶ https://t.co/EdeukkEbOA",63,0.0
263,CNN,British Prime Minister Theresa May just danced her way onto stage for her speech at the Conservative Party conferen‚Ä¶ https://t.co/TxCz8fm5Sw,64,0.4019
264,CNN,The FBI is expanding its inquiry into sexual assault allegations against Supreme Court nominee Brett Kavanaugh beyo‚Ä¶ https://t.co/drn6sJQ6G6,65,-0.0516
265,CNN,Republican Sen. Lindsey Graham to President Trump: Renominate Supreme Court nominee Brett Kavanaugh if the vote fai‚Ä¶ https://t.co/ZzC40OMGql,66,0.5574
266,CNN,Here's how much fast food Americans are eating https://t.co/V467cVuhjI https://t.co/eoZTqhkZhu,67,0.0
267,CNN,This is the GOP's strategy to save Kavanaugh | Analysis by @GregJKrieg https://t.co/3BK8XT4StD https://t.co/8YEu0vM48P,68,0.4939
268,CNN,"Have a cellphone? Expect it to buzz and beep loudly this afternoon around 2:18 p.m. EDT with a ""Presidential Alert""‚Ä¶ https://t.co/xK1beleHGK",69,0.0
269,CNN,Richard Ojeda is not a typical Democratic congressional candidate. He voted for Trump. But now he's running as his‚Ä¶ https://t.co/IWQtcHtrsf,70,0.0
270,CNN,"For many people, Trump is the living embodiment of the American dream. That's why a NYT report detailing a series o‚Ä¶ https://t.co/D1WlVy5H3S",71,0.25
271,CNN,Images and quotes were projected onto the Burj Khalifa in Dubai on Tuesday night to mark Mahatma Gandhi's 150th bir‚Ä¶ https://t.co/foKu1GfMx3,72,0.0
272,CNN,"JUST IN: Nobel Prize in Chemistry awarded to Frances H. Arnold, George P. Smith and Sir Gregory P. Winter for pione‚Ä¶ https://t.co/Qv5gtjNIrv",73,0.7184
273,CNN,A notorious French convict who used a helicopter to break out of prison has been arrested near Paris‚Ä¶ https://t.co/MlNFMgXmQb,74,-0.8519
274,CNN,"Images from Palu, Indonesia, show the devastation wrought by an earthquake and tsunami that wiped out the city's in‚Ä¶ https://t.co/fQQ7rppxnM",75,-0.4215
275,CNN,"President Trump inspires less trust around the world than many other international leaders, including autocrats lik‚Ä¶ https://t.co/sfICfNXuWS",76,0.7102
276,CNN,"Desperation is growing in the stricken Indonesian city of Palu, as residents face a fourth day without adequate foo‚Ä¶ https://t.co/tDP51kxSAq",77,-0.7404
277,CNN,"There‚Äôs no way to know the fate of Brett Kavanaugh‚Äôs Supreme Court nomination, but here are four ways it could play‚Ä¶ https://t.co/MLrFb1lGfQ",78,0.1779
278,CNN,The creation myth of the billionaire businessman Donald Trump just imploded | Analysis by @cillizzacnn‚Ä¶ https://t.co/TRRfVJdqEP,79,0.2732
279,CNN,"Travelers arriving in New Zealand could now face a fine of up to $3,200 (5,000 NZD) if they refuse to allow border‚Ä¶ https://t.co/ReelDnxely",80,0.128
280,CNN,"Thailand's Maya Bay, made popular by the film ""The Beach,"" was due to reopen this month, but now will remain closed‚Ä¶ https://t.co/5fQcn2dM1a",81,0.2263
281,CNN,Here's how much fast food Americans are eating https://t.co/0zQfx4SO7S https://t.co/d8wNOVKJDt,82,0.0
282,CNN,President Trump's mocking of Christine Blasey Ford during a campaign rally could make Senate Majority Leader Mitch‚Ä¶ https://t.co/5m1SCYTXs1,83,-0.4019
283,CNN,"Senate Majority Leader Mitch McConnell on allegations against Brett Kavanaugh: ""What I can tell you with certainty‚Ä¶ https://t.co/gJB2g4jrxR",84,0.0
284,CNN,Police say two men broke into a UPS facility in Memphis and stole 400 guns https://t.co/2c1QNTQIBb https://t.co/HTX42LS49G,85,-0.4215
285,CNN,Germany's Bayern Munich is exploring the relationship between crowd noise and on-pitch performance. Using acoustic‚Ä¶ https://t.co/k085tNu1ux,86,0.0
286,CNN,Aerial photos show just how close a US Navy ship came to colliding with a Chinese warship that had challenged the U‚Ä¶ https://t.co/qvtxgOtkjN,87,-0.3818
287,CNN,Two prosecutors who worked on Paul Manafort's criminal cases are ending their tenure working for special counsel Ro‚Ä¶ https://t.co/IQozdy9vTV,88,-0.1779
288,CNN,LAX will permit fliers to bring small amounts of legal marijuana through security in their carry-on bags‚Ä¶ https://t.co/IEIgeZYGeE,89,0.4404
289,CNN,"This district in West Virginia voted overwhelmingly for President Trump in the 2016 election. But now, a Democrat n‚Ä¶ https://t.co/cmonLVJ2sq",90,-0.0644
290,CNN,"Apple is finally getting a llama emoji -- and a raccoon, bagel, frisbee and mosquito, too. Here's what to know abou‚Ä¶ https://t.co/vZtjy4rMl3",91,0.0
291,CNN,Sen. Bernie Sanders praises Jeff Bezos after Amazon announced it is raising its minimum wage at both Amazon and Who‚Ä¶ https://t.co/7APNWmWhUP,92,0.7003
292,CNN,An off-duty border patrol agent planned to shoot a rifle at a target containing a highly explosive substance reveal‚Ä¶ https://t.co/n1yfFFmyAZ,93,-0.34
293,CNN,Brazilian surfer Maya Gabeira just set a new Guinness World Record for the largest wave ever surfed by a woman‚Ä¶ https://t.co/KHPcKegCxZ,94,0.0
294,CNN,"""I know the name of the boy who assaulted me. I have no reason to disrupt his life, even though mine has been upend‚Ä¶ https://t.co/mGvybpTN4E",95,-0.6808
295,CNN,Lake Tahoe visitors can now explore the lake's underwater exhibits via the Emerald Bay Maritime Heritage Trail‚Ä¶ https://t.co/DfE0akZ6YG,96,0.0
296,CNN,"Which world leader do people trust most? Here are findings from a new global survey by the Pew Research Center.

An‚Ä¶ https://t.co/mhfrG2kR28",97,0.5106
297,CNN,"There‚Äôs no way to know the fate of Brett Kavanaugh‚Äôs Supreme Court nomination, but here are four ways it could play‚Ä¶ https://t.co/iHueesZb3z",98,0.1779
298,CNN,"What's going on in the South China Sea?

China's man-made islands, complete with airstrips and radar towers, have s‚Ä¶ https://t.co/WOHd93B88k",99,0.0
299,CNN,"Donte Palmer isn't the only dad who's had to squat on a dirty restroom floor to change his baby's diaper.

He's jus‚Ä¶ https://t.co/LDH9LLtciq",100,-0.4404
300,Fox News,.@PressSec: ‚ÄúThe president‚Äôs very confident his nominee.‚Äù https://t.co/BumkESYftU,1,0.5413
301,Fox News,".@PressSec: ‚ÄúThey‚Äôre not opposed to Judge Kavanaugh‚Äôs judicial views, they‚Äôre literally trying to undercut the voic‚Ä¶ https://t.co/FLGKKIHb9S",2,0.0
302,Fox News,.@AmbJohnBolton: ‚ÄúThe president has decided that the United States will withdraw from the optional protocol and dis‚Ä¶ https://t.co/OyOuxDUwzh,3,0.4215
303,Fox News,.@SBALinda: ‚ÄúI would like to thank the president for his generosity and for his support of the Small Business Admin‚Ä¶ https://t.co/238ARHgodi,4,0.875
304,Fox News,.@PressSec Sarah Sanders holds a @WhiteHouse press briefing  https://t.co/8OEMFROGuf,5,0.0
305,Fox News,RT @FoxBusiness: Stocks continue their record run  https://t.co/LpHFiXUBg5,6,0.0
306,Fox News,"RT @FoxBusiness: Speaking to @MariaBartiromo, @GOPChairwoman Ronna McDaniel said Democrats will aim to ""stop Donald Trump"" if they take con‚Ä¶",7,-0.296
307,Fox News,GOP lawmakers demand 'immediate' ethics probe into leak of Ford's Kavanaugh letter https://t.co/tHl5EMCoSp,8,-0.4404
308,Fox News,"Casey Anthony ‚Äòopen‚Äô to having more children, ‚Äòdoesn‚Äôt care‚Äô what people think, report says https://t.co/ckRzvhpDwB",9,0.0
309,Fox News,"In remarks on the Senate Floor Wednesday, @@senatemajldr Mitch McConnell spoke about the harassment himself and fel‚Ä¶ https://t.co/I9ZrV3nLBt",10,-0.5423
310,Fox News,.@SenatorCollins is escorted by U.S. Capitol Police past waiting reporters trying to ask about Supreme Court nomine‚Ä¶ https://t.co/LkmJlZmgaF,11,0.5574
311,Fox News,Police officers in Texas were led on a chase that's far from what they're used to ‚Äî a raccoon in their headquarters‚Ä¶ https://t.co/CHewU4EIy5,12,0.0
312,Fox News,Green Beret Medic Who Received Medal of Honor From Trump Says He's Battling Cancer https://t.co/vY4LQUf7f0,13,-0.0516
313,Fox News,Yellowstone geyser eruption reveals decades of trash buildup https://t.co/aEtombExPG,14,0.0
314,Fox News,Republican senator asks McCaskill campaign to remove him from ad https://t.co/2BMrSWeq9i,15,0.0
315,Fox News,Photo of the Day: Morning ground fog floats over a forest in Hungary. https://t.co/TW3FgXiROQ,16,0.0
316,Fox News,"Packages sent to Pentagon that tested positive for ricin are suspected to have been mailed by a former Navy sailor,‚Ä¶ https://t.co/gbAZrBoXf5",17,0.4019
317,Fox News,Comey subpoena considered by Republicans on Capitol Hill https://t.co/ayrUyWRFJ2 https://t.co/C4RSfm29Kb,18,0.0
318,Fox News,"Trump reaped millions in shady tax schemes from father's business, report says; NY Tax Department 'reviewing' alleg‚Ä¶ https://t.co/QQKGA56q5E",19,0.0
319,Fox News,".@JohnCornyn: ""Unfortunately this confirmation process has turned into something very different from what we'd ordi‚Ä¶ https://t.co/zMJ2u8KUUM",20,-0.34
320,Fox News,.@PressSec: ‚ÄúThe president‚Äôs very confident his nominee.‚Äù https://t.co/BumkESYftU,21,0.5413
321,Fox News,".@PressSec: ‚ÄúThey‚Äôre not opposed to Judge Kavanaugh‚Äôs judicial views, they‚Äôre literally trying to undercut the voic‚Ä¶ https://t.co/FLGKKIHb9S",22,0.0
322,Fox News,.@AmbJohnBolton: ‚ÄúThe president has decided that the United States will withdraw from the optional protocol and dis‚Ä¶ https://t.co/OyOuxDUwzh,23,0.4215
323,Fox News,.@SBALinda: ‚ÄúI would like to thank the president for his generosity and for his support of the Small Business Admin‚Ä¶ https://t.co/238ARHgodi,24,0.875
324,Fox News,.@PressSec Sarah Sanders holds a @WhiteHouse press briefing  https://t.co/8OEMFROGuf,25,0.0
325,Fox News,RT @FoxBusiness: Stocks continue their record run  https://t.co/LpHFiXUBg5,26,0.0
326,Fox News,"RT @FoxBusiness: Speaking to @MariaBartiromo, @GOPChairwoman Ronna McDaniel said Democrats will aim to ""stop Donald Trump"" if they take con‚Ä¶",27,-0.296
327,Fox News,GOP lawmakers demand 'immediate' ethics probe into leak of Ford's Kavanaugh letter https://t.co/tHl5EMCoSp,28,-0.4404
328,Fox News,"Casey Anthony ‚Äòopen‚Äô to having more children, ‚Äòdoesn‚Äôt care‚Äô what people think, report says https://t.co/ckRzvhpDwB",29,0.0
329,Fox News,"In remarks on the Senate Floor Wednesday, @@senatemajldr Mitch McConnell spoke about the harassment himself and fel‚Ä¶ https://t.co/I9ZrV3nLBt",30,-0.5423
330,Fox News,.@SenatorCollins is escorted by U.S. Capitol Police past waiting reporters trying to ask about Supreme Court nomine‚Ä¶ https://t.co/LkmJlZmgaF,31,0.5574
331,Fox News,Police officers in Texas were led on a chase that's far from what they're used to ‚Äî a raccoon in their headquarters‚Ä¶ https://t.co/CHewU4EIy5,32,0.0
332,Fox News,Green Beret Medic Who Received Medal of Honor From Trump Says He's Battling Cancer https://t.co/vY4LQUf7f0,33,-0.0516
333,Fox News,Yellowstone geyser eruption reveals decades of trash buildup https://t.co/aEtombExPG,34,0.0
334,Fox News,Republican senator asks McCaskill campaign to remove him from ad https://t.co/2BMrSWeq9i,35,0.0
335,Fox News,Photo of the Day: Morning ground fog floats over a forest in Hungary. https://t.co/TW3FgXiROQ,36,0.0
336,Fox News,"Packages sent to Pentagon that tested positive for ricin are suspected to have been mailed by a former Navy sailor,‚Ä¶ https://t.co/gbAZrBoXf5",37,0.4019
337,Fox News,Comey subpoena considered by Republicans on Capitol Hill https://t.co/ayrUyWRFJ2 https://t.co/C4RSfm29Kb,38,0.0
338,Fox News,"Trump reaped millions in shady tax schemes from father's business, report says; NY Tax Department 'reviewing' alleg‚Ä¶ https://t.co/QQKGA56q5E",39,0.0
339,Fox News,".@JohnCornyn: ""Unfortunately this confirmation process has turned into something very different from what we'd ordi‚Ä¶ https://t.co/zMJ2u8KUUM",40,-0.34
340,Fox News,Green Beret Medic Who Received Medal of Honor From Trump Says He's Battling Cancer https://t.co/4noSlnkdR8,41,-0.0516
341,Fox News,.@cvpayne discusses @federalreserve Chair Jerome Powell‚Äôs comments that the U.S. economy appears to be in a 'remark‚Ä¶ https://t.co/qKWkPWmdmB,42,0.0
342,Fox News,".@SenJohnKennedy: ""Both the accuser and the accused are entitled to respect and fairness and due process, and they'‚Ä¶ https://t.co/FeRfDhSzMi",43,0.4588
343,Fox News,.@SenJohnKennedy: ‚ÄúYou either believe that there is no due process left in America or you don‚Äôt. I happen to believ‚Ä¶ https://t.co/SMEehxfIQo,44,-0.296
344,Fox News,.@SecPompeo: ‚ÄúI‚Äôm announcing that the United States is terminating the 1955 Treaty of Amity with Iran. This is a de‚Ä¶ https://t.co/jqQKEJbJw4,45,0.4215
345,Fox News,.@SecPompeo delivers remarks at the @StateDept.  https://t.co/rp6SqHaIxK,46,0.0
346,Fox News,.@KellyannePolls: ‚ÄúWe have to make sure that we‚Äôre not blaming an entire gender for what individual men have done a‚Ä¶ https://t.co/5zPdwABrcN,47,0.6031
347,Fox News,"Meghan, Duchess of Sussex received a bunch of flowers from well-wishers during a visit to the Pavilion Building in‚Ä¶ https://t.co/7VOWvs8Q4c",48,0.0
348,Fox News,.@FLOTUS tours historic sites in Ghana on first stop of solo international tour https://t.co/M4tMZYy2xo https://t.co/ALnysRUUgj,49,-0.296
349,Fox News,.@FLOTUS Melania Trump visits former slave facility on Africa trip: 'I will never forget the stories'‚Ä¶ https://t.co/BKK9bLINtC,50,0.1695
350,Fox News,".@RepSwalwell on Kavanaugh vote: ‚ÄúThe Supreme Court should‚Ä¶have credible judges of integrity, that‚Äôs more important‚Ä¶ https://t.co/vyumkfIIQF",51,0.7351
351,Fox News,".@senatemajldr: ""No matter what accommodations were made, no matter what agreements were reached, Senate Democrats‚Ä¶ https://t.co/pqwB5B0DiL",52,-0.1779
352,Fox News,"On @foxandfriends, @seanspicer reacted to President @realDonaldTrump replacing NAFTA with the United States-Mexico-‚Ä¶ https://t.co/7Ayo7lbrEM",53,0.4215
353,Fox News,.@senatemajldr on people protesting GOP Senate members: ‚ÄúThere is no chance in the world they‚Äôre going to scare us‚Ä¶ https://t.co/enA9aaLLp6,54,-0.7351
354,Fox News,Chicago Police Officer Jason Van Dyke testifies in Laquan McDonald murder trial https://t.co/joQ83W1EbN https://t.co/7Mvao7JeGZ,55,-0.6908
355,Fox News,"JUST IN: Former Navy sailor mailed packages that tested positive for ricin, officials say https://t.co/aiAsTpuNiT",56,0.5574
356,Fox News,.@GOPChairwoman Ronna McDaniel: ‚Äú[Republicans] are going on offense and defense and we want to make sure we‚Äôre prot‚Ä¶ https://t.co/cFOxSwcJIq,57,0.2732
357,Fox News,.@GOPChairwoman Ronna McDaniel: ‚ÄúDemocrats have been talking about their energy throughout this past two years ‚Äì it‚Ä¶ https://t.co/azbf4bd185,58,0.2732
358,Fox News,.@JonathanTurley reacts to @POTUS appearing to mock Dr. Ford at rally on Tuesday https://t.co/lAQtxTL4ad,59,-0.4215
359,Fox News,Critical swing vote senators feeling pressure as @senatemajldr says vote will happen this week https://t.co/idEKMIKPDa,60,-0.4588
360,Fox News,Honda teaming up with GM on autonomous cars https://t.co/x9WnmrpYXK,61,0.0
361,Fox News,"Dunkin‚Äô, Harpoon Brewery unveil new coffee beer https://t.co/QPaF58CqXF",62,0.0
362,Fox News,President @realDonaldTrump appears to mock Christine Blasey Ford's testimony during campaign rally‚Ä¶ https://t.co/MJnVj7AmrO,63,-0.4215
363,Fox News,NASCAR announces big rule changes for 2019 https://t.co/lIPJQZa0kN,64,0.0
364,Fox News,"Staff Sgt. Ronald Shurer II, Medal of Honor recipient, on @foxandfriends https://t.co/zoivKALwH5 https://t.co/pJnZVei6Qa",65,0.743
365,Fox News,Staff Sgt. Ronald Shurer II on @foxandfriends: ‚ÄúIt was definitely a very overwhelming day.‚Äù https://t.co/zoivKALwH5 https://t.co/Hkw7F7Qejr,66,0.4019
366,Fox News,OPINION: John Stossel: Government fails the seriously mentally ill https://t.co/tIjn7JtUlq,67,-0.743
367,Fox News,WATCH: GOP Senator Pushes Back When Confronted by Anti-Kavanaugh Protester https://t.co/Y9Ebd6wqAP,68,-0.2023
368,Fox News,.@seanspicer on United States-Mexico-Canada Agreement: ‚ÄúThis president said he was going to do it and he did it.‚Äù‚Ä¶ https://t.co/TKuCqYeXQb,69,0.7184
369,Fox News,.@seanspicer: ‚ÄúPart of the reason that she lost the campaign is that she doesn‚Äôt recognize the 60+ million people t‚Ä¶ https://t.co/CqwYpHXWwm,70,-0.3182
370,Fox News,OPINION: @charliekirk11: 10 things Democrats will take away from us if they win control of the House and Senate https://t.co/f6iOPpaB9A,71,0.5859
371,Fox News,.@FLOTUS tours hospital in Ghana @foxandfriends https://t.co/VRn34izS7i,72,0.0
372,Fox News,Gen Terrence Dake on @foxandfriends: ‚ÄúWe believe that America is an exceptional nation.‚Äù https://t.co/c2pWD4GeOs,73,0.0
373,Fox News,.@UN orders U.S. to lift certain Iran sanctions @foxandfriends https://t.co/ojfXeOlAAH,74,0.2732
374,Fox News,"RT @FoxNewsResearch: US-China Tensions:
‚ÄîLate Sept‚Äî
‚Ä¢US bombers over disputed waters in S China Sea, E China Sea
‚Ä¢US approved $330M Taiwan‚Ä¶",75,-0.3182
375,Fox News,RT @FoxBusiness: Trump touts ‚Äòbest economy in our history‚Äô to electrical contractors  https://t.co/yQgePCjYYF,76,-0.0258
376,Fox News,RT @FoxBusiness: These stores are closed on Thanksgiving https://t.co/pcuc7w5FVC,77,0.0
377,Fox News,FEMA test of 'presidential alert' to go out Wednesday to 225 million electronic devices https://t.co/VzO9Ea9wbK,78,0.296
378,Fox News,"Brian Brenberg: ‚ÄúAmazon wants to automate its operations‚Ä¶So they know this is gonna hurt their competitors, if ther‚Ä¶ https://t.co/7ji4rgJHJi",79,-0.5267
379,Fox News,Brian Brenberg on Amazon‚Äôs pay raises: ‚ÄúThere‚Äôs no way Amazon would be doing this if the economy wasn‚Äôt growing the‚Ä¶ https://t.co/77eC1Bl9GD,80,-0.0516
380,Fox News,.@CarleyShimkus is live with the ‚ÄòFox News Update‚Äô on Facebook Watch: https://t.co/hNrB8xzepH https://t.co/n5HetcyVdt,81,0.0
381,Fox News,Ex-Yahoo boss @marissamayer looks to turn funeral home into club for working women https://t.co/AZ0wRcxz67,82,-0.3612
382,Fox News,Antjuan Seawright: ‚ÄúEveryone can participate in our democracy‚Ä¶Some will educate. Some will agitate. Some will legis‚Ä¶ https://t.co/HPifKaokOv,83,-0.4019
383,Fox News,California Democrat who declared Maryland home as primary residence says he made 'honest mistake' https://t.co/iEsL8xg1J5,84,0.2263
384,Fox News,Jen Kerns: ‚ÄúThey will not stop these tactics ‚Äî the Democrats won‚Äôt ‚Äî if they continue to work. And that‚Äôs why the 2‚Ä¶ https://t.co/7rMi24huEN,85,0.2235
385,Fox News,Vandalism suspect says he's 'happy' about damage outside local Republican Party headquarters https://t.co/FIsrAzHpGy,86,-0.4019
386,Fox News,".@madisongesiotto on Judge Kavanaugh‚Äôs temperament: ‚ÄúAnybody who‚Äôs been, as he claims, falsely accused of something‚Ä¶ https://t.co/pR3eAHMB5M",87,-0.296
387,Fox News,.@jasoninthehouse on redacted Uranium One documents: ‚ÄúThe United States has uranium. The Russians want it ‚Äî because‚Ä¶ https://t.co/XBBdhSbNSY,88,0.4767
388,Fox News,".@madisongesiotto: ‚ÄúWhen it comes down to it, not only Democrats are gonna lose votes in November ‚Äî but Republicans‚Ä¶ https://t.co/BZdalaxWG6",89,-0.2144
389,Fox News,"JUST SWELL: No ocean, no problem for this Arizona surfer who hit some waves on a heavily flooded Scottsdale street‚Ä¶ https://t.co/3AzRoEWZKr",90,-0.7269
390,Fox News,.@HillaryClinton takes aim at @realDonaldTrump and his supporters @FoxFriendsFirst https://t.co/NYivEicGys https://t.co/y9YmoSGUb5,91,0.4404
391,Fox News,"4 linked to burglaries at LA-area homes of @rihanna, players for @Dodgers, @RamsNFL, police say https://t.co/26j0nPMSDm",92,0.0
392,Fox News,"Emily Compagno on potential SCOTUS decision: ‚ÄúIf, for example, the president were to pardon someone for a federal c‚Ä¶ https://t.co/6cVQ2IjG9O",93,0.3182
393,Fox News,'Dukes Of Hazzard' star John Schneider reveals whopping cost of down-home show https://t.co/JYMhHvps8r,94,0.0
394,Fox News,"Emily Compagno on Kavanaugh probe: ‚ÄúIt‚Äôs an indicator, frankly, that there isn‚Äôt additional information ‚Äî conflicti‚Ä¶ https://t.co/PsqLZHBewh",95,0.0
395,Fox News,Former CEO of gun rights group pleads guilty to gun trafficking https://t.co/nr7ck2pkxZ,96,-0.765
396,Fox News,President @realDonaldTrump rallies voters ahead of midterm elections @FoxFriendsFirst https://t.co/7IV43EbPgp https://t.co/QcMcbhyL5W,97,0.0
397,Fox News,"Suspicious packages sent to White House &amp; Pentagon @FoxFriendsFirst 
 https://t.co/aac1vfq0Ug https://t.co/KUVbY0xKvn",98,-0.3612
398,Fox News,Seattle closer to getting NHL expansion team following meeting at league headquarters https://t.co/bqpqYDhYJ5,99,0.0
399,Fox News,"Kentucky @GovMattBevin on the Russia probe: ""It's floundering, trying to find some semblance of relevance."" https://t.co/Xy9nfJkJ3B",100,0.0
400,The New York Times,3 of the Republican senators who could decide whether Brett Kavanaugh joins the Supreme Court condemn President Tru‚Ä¶ https://t.co/9ObPQdMGYJ,1,0.25
401,The New York Times,Phones across the U.S. will soon buzz with a ‚Äúpresidential alert.‚Äù Don‚Äôt panic: It‚Äôs the first nationwide test of a‚Ä¶ https://t.co/ukuauFvKiN,2,-0.5106
402,The New York Times,RT @NYTHealth: Heart patients had every reason to be excited about these powerful new cholesterol drugs. Until they found they couldn't get‚Ä¶,3,0.6369
403,The New York Times,"""I‚Äôm sad that I might have caused people anguish in the job, or made people unhappy,"" says the ""Mad Men"" creator Ma‚Ä¶ https://t.co/vRlArSldgJ",4,-0.8807
404,The New York Times,"Retaliatory tariffs enacted by China ‚Äî on things like whiskey, pork and cranberries ‚Äî could have a big negative imp‚Ä¶ https://t.co/FzOMF0OJ8s",5,-0.296
405,The New York Times,"By the Book: Kate Atkinson, author of ""Transcription,"" wants ""absolutely no one"" to write her life story. ""If I was‚Ä¶ https://t.co/9eGM7qVs6O",6,-0.3597
406,The New York Times,The University of Mississippi wants to remove the name of a major benefactor to its journalism school after his con‚Ä¶ https://t.co/wo4VoWYlQ4,7,0.0
407,The New York Times,"When Donald Trump was 3 years old, his father effectively made him a landlord. Here‚Äôs how Fred Trump‚Äôs maneuver cre‚Ä¶ https://t.co/1rh5S2jXSs",8,0.4404
408,The New York Times,None of the 36 candidates the Republican Party is fielding for governor this year are black or Hispanic. Some in th‚Ä¶ https://t.co/l7rV8NVMhs,9,0.4019
409,The New York Times,U.S. Senate Republicans are stepping up efforts to challenge Christine Blasey Ford‚Äôs credibility by confronting her‚Ä¶ https://t.co/EfO8V4NEpb,10,-0.0772
410,The New York Times,"""For me, adulthood sank in when my first student loan payment was due. I realized that I had no idea where to begin‚Ä¶ https://t.co/Irs977Opts",11,-0.296
411,The New York Times,"In Opinion

Op-Ed contributors Thomas Meaney and Saskia Sch√§fer write, ""Right-wing protests in Germany these days a‚Ä¶ https://t.co/nkZNHP7u0z",12,-0.2263
412,The New York Times,The earthquake turned the ground into jelly in a deadly churn that sent buildings flowing sideways even as they wer‚Ä¶ https://t.co/B4FvHKUJtv,13,0.0
413,The New York Times,"President Trump has long sold himself as a self-made billionaire, but a New York Times investigation found that he‚Ä¶ https://t.co/nuhfYPqf1o",14,0.0
414,The New York Times,The United States ambassador to NATO nearly set off a diplomatic incident on Tuesday when she suggested that the Un‚Ä¶ https://t.co/v6qncLz0mH,15,0.4215
415,The New York Times,"RT @mikiebarb: On today‚Äôs Daily: for an investigation this big, we did things differently. A cold open in the locked room where it happened‚Ä¶",16,0.0
416,The New York Times,Late-night hosts were impressed by how quickly a (very) young Donald Trump had amassed his fortune https://t.co/NNHpmU1JtV,17,0.4767
417,The New York Times,"""After 11 years of trying to outrun depression and PTSD symptoms, I have finally concluded that it's faster than me‚Ä¶ https://t.co/w8yuyOgn0U",18,-0.5719
418,The New York Times,RT @NYTmag: THIS WEEK‚ÄôS COVER: @ladygaga isn‚Äôt done shape-shifting yet. @rachsyme profiles the ‚Äò‚ÄòA Star Is Born‚Äô‚Äô actress in her latest rei‚Ä¶,19,0.0
419,The New York Times,"In her first public statement since dropping from public view 4 months ago, Fan Bingbing offered a contrite apology‚Ä¶ https://t.co/FHRD2W0jXv",20,0.3182
420,The New York Times,3 of the Republican senators who could decide whether Brett Kavanaugh joins the Supreme Court condemn President Tru‚Ä¶ https://t.co/9ObPQdMGYJ,21,0.25
421,The New York Times,Phones across the U.S. will soon buzz with a ‚Äúpresidential alert.‚Äù Don‚Äôt panic: It‚Äôs the first nationwide test of a‚Ä¶ https://t.co/ukuauFvKiN,22,-0.5106
422,The New York Times,RT @NYTHealth: Heart patients had every reason to be excited about these powerful new cholesterol drugs. Until they found they couldn't get‚Ä¶,23,0.6369
423,The New York Times,"""I‚Äôm sad that I might have caused people anguish in the job, or made people unhappy,"" says the ""Mad Men"" creator Ma‚Ä¶ https://t.co/vRlArSldgJ",24,-0.8807
424,The New York Times,"Retaliatory tariffs enacted by China ‚Äî on things like whiskey, pork and cranberries ‚Äî could have a big negative imp‚Ä¶ https://t.co/FzOMF0OJ8s",25,-0.296
425,The New York Times,"By the Book: Kate Atkinson, author of ""Transcription,"" wants ""absolutely no one"" to write her life story. ""If I was‚Ä¶ https://t.co/9eGM7qVs6O",26,-0.3597
426,The New York Times,The University of Mississippi wants to remove the name of a major benefactor to its journalism school after his con‚Ä¶ https://t.co/wo4VoWYlQ4,27,0.0
427,The New York Times,"When Donald Trump was 3 years old, his father effectively made him a landlord. Here‚Äôs how Fred Trump‚Äôs maneuver cre‚Ä¶ https://t.co/1rh5S2jXSs",28,0.4404
428,The New York Times,None of the 36 candidates the Republican Party is fielding for governor this year are black or Hispanic. Some in th‚Ä¶ https://t.co/l7rV8NVMhs,29,0.4019
429,The New York Times,U.S. Senate Republicans are stepping up efforts to challenge Christine Blasey Ford‚Äôs credibility by confronting her‚Ä¶ https://t.co/EfO8V4NEpb,30,-0.0772
430,The New York Times,"""For me, adulthood sank in when my first student loan payment was due. I realized that I had no idea where to begin‚Ä¶ https://t.co/Irs977Opts",31,-0.296
431,The New York Times,"In Opinion

Op-Ed contributors Thomas Meaney and Saskia Sch√§fer write, ""Right-wing protests in Germany these days a‚Ä¶ https://t.co/nkZNHP7u0z",32,-0.2263
432,The New York Times,The earthquake turned the ground into jelly in a deadly churn that sent buildings flowing sideways even as they wer‚Ä¶ https://t.co/B4FvHKUJtv,33,0.0
433,The New York Times,"President Trump has long sold himself as a self-made billionaire, but a New York Times investigation found that he‚Ä¶ https://t.co/nuhfYPqf1o",34,0.0
434,The New York Times,The United States ambassador to NATO nearly set off a diplomatic incident on Tuesday when she suggested that the Un‚Ä¶ https://t.co/v6qncLz0mH,35,0.4215
435,The New York Times,"RT @mikiebarb: On today‚Äôs Daily: for an investigation this big, we did things differently. A cold open in the locked room where it happened‚Ä¶",36,0.0
436,The New York Times,Late-night hosts were impressed by how quickly a (very) young Donald Trump had amassed his fortune https://t.co/NNHpmU1JtV,37,0.4767
437,The New York Times,"""After 11 years of trying to outrun depression and PTSD symptoms, I have finally concluded that it's faster than me‚Ä¶ https://t.co/w8yuyOgn0U",38,-0.5719
438,The New York Times,RT @NYTmag: THIS WEEK‚ÄôS COVER: @ladygaga isn‚Äôt done shape-shifting yet. @rachsyme profiles the ‚Äò‚ÄòA Star Is Born‚Äô‚Äô actress in her latest rei‚Ä¶,39,0.0
439,The New York Times,"In her first public statement since dropping from public view 4 months ago, Fan Bingbing offered a contrite apology‚Ä¶ https://t.co/FHRD2W0jXv",40,0.3182
440,The New York Times,How to help survivors of the Indonesia earthquake and tsunami https://t.co/QH4yQoRtB8 https://t.co/Prcrole8Cs,41,0.4019
441,The New York Times,Morning¬†Briefing: Here's what you need to know to start your day https://t.co/d0CXjH0RKU https://t.co/UcmXYxdFpq,42,0.0
442,The New York Times,Cellphones across the United States will get a test alert at 2:18 p.m. Eastern. It will be the first nationwide tes‚Ä¶ https://t.co/xw6mXhvJ2Q,43,0.6124
443,The New York Times,"David Hockney says he is not a churchgoer, but on Tuesday a window that he designed was formally dedicated in Westm‚Ä¶ https://t.co/20u7FmR0KV",44,0.6124
444,The New York Times,"Law enforcement officials in Missouri don't know the whereabouts of more than 1,200 registered sex offenders, accor‚Ä¶ https://t.co/4NOAIpnlhZ",45,-0.3612
445,The New York Times,RT @nytimesworld: It has taken 18 years and successive governments for politicians to recognize that sanitary products are a necessary heal‚Ä¶,46,0.2732
446,The New York Times,"Your daily @DealBook Briefing:

‚Ä¢ Trump's empire was built on gifts and tax dodges.¬†

‚Ä¢ Amazon‚Äôs wage increase is b‚Ä¶ https://t.co/GXu6un5SYH",47,0.3182
447,The New York Times,"By age 3, Donald Trump was earning $200,000 a year in today‚Äôs dollars from his father‚Äôs empire.

In all, financial‚Ä¶ https://t.co/fZ9wLEJe5B",48,0.0
448,The New York Times,"In a rebuke to the Trump administration, the International Court of Justice ordered the United States to ease some‚Ä¶ https://t.co/uS6aEKLMKu",49,0.8271
449,The New York Times,The overcrowding at this refugee camp is so extreme that asylum seekers spend as much as 12 hours a day waiting in‚Ä¶ https://t.co/q7yBQiekK3,50,0.0
450,The New York Times,RT @susannecraig: Couldn‚Äôt sleep so I went out to Queens to watch the press run of our  tax story. What an amazing rush. https://t.co/UsV8p‚Ä¶,51,0.5859
451,The New York Times,Cervical cancer could be eliminated in Australia within the next two decades because of a government program to vac‚Ä¶ https://t.co/sh8lubU39E,52,-0.6597
452,The New York Times,"In 2006, the American Bar Association raised questions about Brett Kavanaugh's demeanor and veracity https://t.co/cvfVebkTJt",53,0.0
453,The New York Times,How Trump really got rich https://t.co/2I1W3ZTURj https://t.co/7nPkU3kCaP,54,0.5965
454,The New York Times,"Pope Francis‚Äô reputation, which once seemed unassailable, has sustained considerable damage in the wake of the sex‚Ä¶ https://t.co/7m1qMfnrcy",55,-0.4939
455,The New York Times,Morning¬†Briefing: Here's what you need to know to start your day https://t.co/5Juq6epxLF https://t.co/JFeN1ANM3P,56,0.0
456,The New York Times,Breaking News: Three evolutionary scientists won the Nobel Prize in Chemistry. They applied principles of Darwin to‚Ä¶ https://t.co/lJs7CvEEf4,57,0.7906
457,The New York Times,"RT @peterbakernyt: Abandoning the restraint urged on him by advisers and Senate Republicans, Trump goes after Christine Blasey Ford before‚Ä¶",58,-0.3818
458,The New York Times,"10 years ago, Mark Zuckerberg introduced a tool that connects other sites and apps to Facebook passwords. Now these‚Ä¶ https://t.co/Q1RUGb7Vzm",59,0.0
459,The New York Times,France publicly linked Iran‚Äôs intelligence services to a foiled bomb plot that targeted a June meeting near Paris o‚Ä¶ https://t.co/nE7YJL6lJO,60,-0.0258
460,The New York Times,"CBS fired Brad Kern, a producer who had been accused of misconduct ranging from mistreatment of women to racially i‚Ä¶ https://t.co/hxdubAhHtp",61,-0.7003
461,The New York Times,"Jamal Khashoggi, a Saudi journalist who has become a sharp critic of the country's leadership, was detained in the‚Ä¶ https://t.co/MfQ2U9Rdif",62,-0.5859
462,The New York Times,"We hope you have time to read the complete investigation into Trump's wealth by @SusanneCraig, @DavidBarstow and‚Ä¶ https://t.co/ggtx1QzzUD",63,0.7269
463,The New York Times,"Poisonous batches of bootleg alcohol killed at least 42 people, blinded more than a dozen and sent hundreds to the‚Ä¶ https://t.co/nB98P2gTaf",64,-0.8481
464,The New York Times,"In this Egyptian-Australian family, dogs were treated with a kind but practical sense of reserve. Until Max came al‚Ä¶ https://t.co/ZPhYZ6jKlf",65,0.296
465,The New York Times,Marks &amp; Spencer is a cultural fixture in the daily lives of millions of Britons. But as profit falls and e-commerce‚Ä¶ https://t.co/sb96Ux0gCM,66,0.5927
466,The New York Times,"Chinese state TV has a new tool that it hopes will inspire interest in President Xi Jinping, China's most powerful‚Ä¶ https://t.co/zFSWMzQWIZ",67,0.8591
467,The New York Times,RT @PatrickKingsley: This Greek refugee camp is the biggest in Europe. Yet aid workers say its conditions are worse than many camps in the‚Ä¶,68,-0.4767
468,The New York Times,"""I‚Äôm going to quit using Facebook to log in to apps and sites online. You should, too,"" writes our tech columnist‚Ä¶ https://t.co/elTIuA2YLJ",69,0.0
469,The New York Times,"In Amsterdam, it‚Äôs not just the number of tourists that pose a problem. It‚Äôs how they behave. https://t.co/LOte66aY80",70,-0.4445
470,The New York Times,"Sexual assaults, knife attacks and suicide attempts are commonplace at Europe‚Äôs largest refugee camp. Aid groups wa‚Ä¶ https://t.co/VGnfp2Mz9A",71,-0.8979
471,The New York Times,"After Elon Musk threatened that he would quit, the Tesla board caved to his demands to fight the S.E.C. settlement,‚Ä¶ https://t.co/RsyknBLGFn",72,-0.6808
472,The New York Times,"In Opinion

""A growing body of literature suggesting that the immune system is involved in psychiatric disorders fr‚Ä¶ https://t.co/tRTg4BvC94",73,0.4404
473,The New York Times,President Trump has sold himself as a self-made billionaire but our investigation found that he received more than‚Ä¶ https://t.co/GAzkfLdBRF,74,0.0
474,The New York Times,"The big water off Nazar√©, Portugal, once almost killed Maya Gabeira, a surfer. Now it has put her in the record boo‚Ä¶ https://t.co/jAFKjZLw5O",75,-0.6378
475,The New York Times,"RT @nytvideo: Videos and satellite images show the devastating impact of the earthquake in Indonesia, which moved entire houses and destroy‚Ä¶",76,-0.6486
476,The New York Times,"‚ÄúAs long as governments exist, corruption will exist,‚Äù Do Muoi once said. ‚ÄúIt is an illness of government, and it c‚Ä¶ https://t.co/vIOQAghOrk",77,-0.4019
477,The New York Times,"South Korea announced a sweeping crackdown on ‚Äúfake news,‚Äù calling it ‚Äúa destroyer of democracy.‚Äù Critics say it‚Äôs‚Ä¶ https://t.co/LuMRQiodMh",78,-0.6369
478,The New York Times,"If you're looking to help those affected by the earthquake and tsunami that struck Indonesia, here's some advice https://t.co/aFEw0imlZc",79,0.0258
479,The New York Times,4 members of a militant white-supremacist organization were arrested on charges of inciting a riot in Charlottesvil‚Ä¶ https://t.co/pJ4h5VOLNT,80,-0.8316
480,The New York Times,"More than 2,500 Afghans are braving serious security risks to run for parliament. Seven candidates have already bee‚Ä¶ https://t.co/iSZYr8t9KA",81,-0.0
481,The New York Times,RT @marclacey: Hurricane Florence may be over but it's not really over. https://t.co/INqHdo3app,82,0.0
482,The New York Times,A veteran journalist who has become a critic of Saudi leaders entered the Saudi consulate in Istanbul on Tuesday af‚Ä¶ https://t.co/SWRp949XE2,83,-0.2732
483,The New York Times,"RT @fmanjoo: I'm going to quit using Facebook to sign on to stuff. So should you. 

Use a password manager. Use Google. After the massive h‚Ä¶",84,0.0
484,The New York Times,"In 2006, the American Bar Association raised questions about Brett Kavanaugh's demeanor and veracity https://t.co/eE2PNOqBNK",85,0.0
485,The New York Times,Our investigation revealed that Donald Trump received the equivalent today of at least $413 million from his father‚Ä¶ https://t.co/Tojoj6Kbte,86,0.0
486,The New York Times,"The Chinese film star Fan Bingbing, who vanished from public view months ago, faces huge fines for tax evasion, rep‚Ä¶ https://t.co/ZkqZyT5bnB",87,0.5574
487,The New York Times,"About 8% of the registered sex offenders in Missouri are unaccounted for, according to a state audit, which said th‚Ä¶ https://t.co/GscygaKv3z",88,-0.3612
488,The New York Times,Officials are beginning to sort out what went wrong with Indonesia‚Äôs early warning system for tsunami detection https://t.co/y2YrphSwUZ,89,-0.6705
489,The New York Times,"In Opinion

Seeing the Earth from the moon 50 years ago changed these astronauts forever. In this film, they tell t‚Ä¶ https://t.co/IOOEFJEVCD",90,0.0
490,The New York Times,In The Edit newsletter: Contributors weigh in on the sexual assault allegations against Brett Kavanaugh and what co‚Ä¶ https://t.co/Nwl6NVNBeu,91,-0.5859
491,The New York Times,"Sherri's red blood cell levels plummet and her iron disappears. You'd think she's bleeding, but there's no blood in‚Ä¶ https://t.co/32wuN3LYJ9",92,-0.5423
492,The New York Times,Travelers entering New Zealand may now be prosecuted and fined if they refuse to allow access to their digital devi‚Ä¶ https://t.co/vR0FQzyfgg,93,-0.4404
493,The New York Times,"At a rally, President Trump mocked Christine Blasey Ford, who has accused Brett Kavanaugh of sexual assault https://t.co/E5KUbfwzzH",94,-0.8074
494,The New York Times,"While All County was all upside for Donald Trump and his siblings, it had an insidious downside for Fred Trump‚Äôs te‚Ä¶ https://t.co/ri9i74ieAb",95,-0.25
495,The New York Times,All County siphoned millions of dollars from Fred Trump‚Äôs empire by simply marking up purchases already made by his‚Ä¶ https://t.co/9mRFXDGBG7,96,0.0
496,The New York Times,"All County‚Äôs ostensible purpose was to be the purchasing agent for Fred Trump‚Äôs buildings, buying everything from b‚Ä¶ https://t.co/5E2JKsZeL3",97,0.0
497,The New York Times,"The most overt fraud was All County Building Supply &amp; Maintenance, a company formed by the Trump family in 1992:‚Ä¶ https://t.co/smByPZvPYY",98,-0.6222
498,The New York Times,Tax experts briefed on The New York Times‚Äôs findings said the Trumps‚Äô conduct presented a pattern of deception and‚Ä¶ https://t.co/Vfs3ST7PxG,99,-0.4404
499,The New York Times,How Times journalists uncovered the original source of the president‚Äôs wealth https://t.co/kBccM5h95D,100,0.6705
